Time,Heart Rate,Steps,Phase
00:00:00,59,0,Inactive
00:01:00,59,0,Inactive
00:02:00,64,13,Inactive
00:03:00,82,3,Inactive
00:04:00,87,28,Inactive
00:05:00,89,6,Inactive
00:06:00,75,0,Inactive
00:07:00,64,0,Inactive
00:08:00,58,0,Inactive
00:09:00,71,0,Inactive
00:10:00,68,0,Inactive
00:11:00,67,0,Inactive
00:12:00,69,0,Inactive
00:13:00,65,0,Inactive
00:14:00,68,0,Inactive
00:15:00,68,0,Inactive
00:16:00,71,0,Inactive
00:17:00,70,0,Inactive
00:18:00,73,0,Inactive
00:19:00,72,0,Inactive
00:20:00,79,0,Inactive
00:21:00,75,0,Inactive
00:22:00,67,0,Inactive
00:23:00,72,0,Inactive
00:24:00,61,0,Inactive
00:25:00,63,0,Inactive
00:26:00,60,0,Inactive
00:27:00,64,0,Inactive
00:28:00,66,0,Inactive
00:29:00,66,0,Inactive
00:30:00,66,0,Inactive
00:31:00,66,0,Inactive
00:32:00,66,0,Inactive
00:33:00,62,0,Inactive
00:34:00,63,0,Inactive
00:35:00,74,0,Inactive
00:36:00,69,0,Inactive
00:37:00,63,0,Inactive
00:38:00,66,0,Inactive
00:39:00,65,0,Inactive
00:40:00,60,0,Inactive
00:41:00,62,0,Inactive
00:42:00,70,0,Inactive
00:43:00,61,0,Inactive
00:44:00,57,0,Inactive
00:45:00,60,0,Inactive
00:46:00,56,0,Inactive
00:47:00,56,0,Inactive
00:48:00,59,0,Inactive
00:49:00,59,0,Inactive
00:50:00,60,0,Inactive
00:51:00,61,0,Inactive
00:52:00,62,0,Inactive
00:53:00,63,0,Inactive
00:54:00,62,0,Inactive
00:55:00,63,0,Inactive
00:56:00,63,0,Inactive
00:57:00,63,0,Inactive
00:58:00,63,0,Inactive
00:59:00,64,0,Inactive
01:00:00,64,0,Inactive
01:01:00,64,0,Inactive
01:02:00,65,0,Inactive
01:03:00,73,0,Inactive
01:04:00,60,0,Inactive
01:05:00,63,0,Inactive
01:06:00,63,0,Inactive
01:07:00,62,0,Inactive
01:08:00,64,0,Inactive
01:09:00,64,0,Inactive
01:10:00,64,0,Inactive
01:11:00,66,0,Inactive
01:12:00,66,0,Inactive
01:13:00,65,0,Inactive
01:14:00,66,0,Inactive
01:15:00,64,0,Inactive
01:16:00,65,0,Inactive
01:17:00,66,0,Inactive
01:18:00,65,0,Inactive
01:19:00,66,0,Inactive
01:20:00,65,0,Inactive
01:21:00,65,0,Inactive
01:22:00,67,0,Inactive
01:23:00,67,0,Inactive
01:24:00,65,0,Inactive
01:25:00,66,0,Inactive
01:26:00,65,0,Inactive
01:27:00,67,0,Inactive
01:28:00,67,0,Inactive
01:29:00,67,0,Inactive
01:30:00,66,0,Inactive
01:31:00,66,0,Inactive
01:32:00,66,0,Inactive
01:33:00,68,0,Inactive
01:34:00,67,0,Inactive
01:35:00,75,0,Inactive
01:36:00,61,0,Inactive
01:37:00,61,0,Inactive
01:38:00,61,0,Inactive
01:39:00,67,0,Inactive
01:40:00,63,0,Inactive
01:41:00,61,0,Inactive
01:42:00,65,0,Inactive
01:43:00,64,0,Inactive
01:44:00,64,0,Inactive
01:45:00,63,0,Inactive
01:46:00,71,0,Inactive
01:47:00,70,0,Inactive
01:48:00,64,0,Inactive
01:49:00,71,0,Inactive
01:50:00,68,0,Inactive
01:51:00,67,0,Inactive
01:52:00,66,0,Inactive
01:53:00,64,0,Inactive
01:54:00,66,0,Inactive
01:55:00,66,0,Inactive
01:56:00,59,0,Inactive
01:57:00,61,0,Inactive
01:58:00,61,0,Inactive
01:59:00,58,0,Inactive
02:00:00,69,0,Inactive
02:01:00,60,0,Inactive
02:02:00,59,0,Inactive
02:03:00,60,0,Inactive
02:04:00,60,0,Inactive
02:05:00,60,0,Inactive
02:06:00,60,0,Inactive
02:07:00,60,0,Inactive
02:08:00,61,0,Inactive
02:09:00,59,0,Inactive
02:10:00,58,0,Inactive
02:11:00,58,0,Inactive
02:12:00,59,0,Inactive
02:13:00,58,0,Inactive
02:14:00,59,0,Inactive
02:15:00,59,0,Inactive
02:16:00,60,0,Inactive
02:17:00,60,0,Inactive
02:18:00,60,0,Inactive
02:19:00,60,0,Inactive
02:20:00,60,0,Inactive
02:21:00,60,0,Inactive
02:22:00,61,0,Inactive
02:23:00,63,0,Inactive
02:24:00,62,0,Inactive
02:25:00,63,0,Inactive
02:26:00,64,0,Inactive
02:27:00,63,0,Inactive
02:28:00,63,0,Inactive
02:29:00,67,0,Inactive
02:30:00,67,0,Inactive
02:31:00,58,0,Inactive
02:32:00,72,0,Inactive
02:33:00,65,0,Inactive
02:34:00,69,0,Inactive
02:35:00,63,0,Inactive
02:36:00,58,0,Inactive
02:37:00,58,0,Inactive
02:38:00,56,0,Inactive
02:39:00,56,0,Inactive
02:40:00,56,0,Inactive
02:41:00,55,0,Inactive
02:42:00,55,0,Inactive
02:43:00,57,0,Inactive
02:44:00,56,0,Inactive
02:45:00,56,0,Inactive
02:46:00,58,0,Inactive
02:47:00,59,0,Inactive
02:48:00,59,0,Inactive
02:49:00,59,0,Inactive
02:50:00,60,0,Inactive
02:51:00,59,0,Inactive
02:52:00,60,0,Inactive
02:53:00,61,0,Inactive
02:54:00,61,0,Inactive
02:55:00,60,0,Inactive
02:56:00,61,0,Inactive
02:57:00,60,0,Inactive
02:58:00,60,0,Inactive
02:59:00,61,0,Inactive
03:00:00,60,0,Inactive
03:01:00,60,0,Inactive
03:02:00,60,0,Inactive
03:03:00,60,0,Inactive
03:04:00,60,0,Inactive
03:05:00,62,0,Inactive
03:06:00,60,0,Inactive
03:07:00,60,0,Inactive
03:08:00,61,0,Inactive
03:09:00,60,0,Inactive
03:10:00,60,0,Inactive
03:11:00,62,0,Inactive
03:12:00,63,0,Inactive
03:13:00,62,0,Inactive
03:14:00,62,0,Inactive
03:15:00,68,0,Inactive
03:16:00,63,0,Inactive
03:17:00,72,0,Inactive
03:18:00,66,0,Inactive
03:19:00,71,0,Inactive
03:20:00,66,0,Inactive
03:21:00,64,0,Inactive
03:22:00,65,0,Inactive
03:23:00,64,0,Inactive
03:24:00,74,0,Inactive
03:25:00,70,0,Inactive
03:26:00,64,0,Inactive
03:27:00,65,0,Inactive
03:28:00,69,0,Inactive
03:29:00,61,0,Inactive
03:30:00,63,0,Inactive
03:31:00,64,0,Inactive
03:32:00,62,0,Inactive
03:33:00,63,0,Inactive
03:34:00,62,0,Inactive
03:35:00,65,0,Inactive
03:36:00,60,0,Inactive
03:37:00,68,0,Inactive
03:38:00,61,0,Inactive
03:39:00,59,0,Inactive
03:40:00,59,0,Inactive
03:41:00,60,0,Inactive
03:42:00,59,0,Inactive
03:43:00,58,0,Inactive
03:44:00,62,0,Inactive
03:45:00,54,0,Inactive
03:46:00,56,0,Inactive
03:47:00,56,0,Inactive
03:48:00,56,0,Inactive
03:49:00,57,0,Inactive
03:50:00,57,0,Inactive
03:51:00,57,0,Inactive
03:52:00,57,0,Inactive
03:53:00,58,0,Inactive
03:54:00,60,0,Inactive
03:55:00,61,0,Inactive
03:56:00,61,0,Inactive
03:57:00,62,0,Inactive
03:58:00,61,0,Inactive
03:59:00,60,0,Inactive
04:00:00,61,0,Inactive
04:01:00,61,0,Inactive
04:02:00,60,0,Inactive
04:03:00,59,0,Inactive
04:04:00,60,0,Inactive
04:05:00,61,0,Inactive
04:06:00,60,0,Inactive
04:07:00,62,0,Inactive
04:08:00,70,4,Inactive
04:09:00,58,0,Inactive
04:10:00,59,0,Inactive
04:11:00,58,0,Inactive
04:12:00,58,0,Inactive
04:13:00,59,0,Inactive
04:14:00,59,0,Inactive
04:15:00,59,0,Inactive
04:16:00,59,0,Inactive
04:17:00,61,0,Inactive
04:18:00,61,0,Inactive
04:19:00,62,0,Inactive
04:20:00,62,0,Inactive
04:21:00,62,0,Inactive
04:22:00,62,0,Inactive
04:23:00,62,0,Inactive
04:24:00,63,0,Inactive
04:25:00,63,0,Inactive
04:26:00,63,0,Inactive
04:27:00,63,0,Inactive
04:28:00,63,0,Inactive
04:29:00,68,0,Inactive
04:30:00,58,0,Inactive
04:31:00,65,0,Inactive
04:32:00,61,0,Inactive
04:33:00,58,0,Inactive
04:34:00,70,0,Inactive
04:35:00,64,0,Inactive
04:36:00,64,0,Inactive
04:37:00,66,0,Inactive
04:38:00,67,0,Inactive
04:39:00,63,0,Inactive
04:40:00,67,0,Inactive
04:41:00,66,0,Inactive
04:42:00,68,0,Inactive
04:43:00,64,0,Inactive
04:44:00,59,0,Inactive
04:45:00,64,0,Inactive
04:46:00,66,0,Inactive
04:47:00,62,0,Inactive
04:48:00,64,0,Inactive
04:49:00,63,0,Inactive
04:50:00,69,0,Inactive
04:51:00,61,0,Inactive
04:52:00,65,0,Inactive
04:53:00,73,0,Inactive
04:54:00,68,0,Inactive
04:55:00,69,0,Inactive
04:56:00,72,0,Inactive
04:57:00,59,0,Inactive
04:58:00,62,0,Inactive
04:59:00,64,0,Inactive
05:00:00,64,0,Inactive
05:01:00,58,0,Inactive
05:02:00,56,0,Inactive
05:03:00,59,0,Inactive
05:04:00,64,0,Inactive
05:05:00,62,0,Inactive
05:06:00,61,0,Inactive
05:07:00,62,0,Inactive
05:08:00,62,0,Inactive
05:09:00,63,0,Inactive
05:10:00,66,0,Inactive
05:11:00,60,0,Inactive
05:12:00,59,0,Inactive
05:13:00,60,0,Inactive
05:14:00,60,0,Inactive
05:15:00,59,0,Inactive
05:16:00,60,0,Inactive
05:17:00,62,0,Inactive
05:18:00,63,0,Inactive
05:19:00,62,0,Inactive
05:20:00,61,0,Inactive
05:21:00,61,0,Inactive
05:22:00,62,0,Inactive
05:23:00,62,0,Inactive
05:24:00,62,0,Inactive
05:25:00,61,0,Inactive
05:26:00,63,0,Inactive
05:27:00,64,0,Inactive
05:28:00,63,0,Inactive
05:29:00,63,0,Inactive
05:30:00,63,0,Inactive
05:31:00,62,0,Inactive
05:32:00,64,0,Inactive
05:33:00,64,0,Inactive
05:34:00,64,0,Inactive
05:35:00,65,0,Inactive
05:36:00,67,0,Inactive
05:37:00,63,0,Inactive
05:38:00,64,0,Inactive
05:39:00,63,0,Inactive
05:40:00,63,0,Inactive
05:41:00,65,0,Inactive
05:42:00,64,0,Inactive
05:43:00,64,0,Inactive
05:44:00,64,0,Inactive
05:45:00,64,0,Inactive
05:46:00,64,0,Inactive
05:47:00,65,0,Inactive
05:48:00,65,0,Inactive
05:49:00,65,0,Inactive
05:50:00,66,0,Inactive
05:51:00,66,0,Inactive
05:52:00,64,0,Inactive
05:53:00,64,0,Inactive
05:54:00,64,0,Inactive
05:55:00,65,0,Inactive
05:56:00,74,0,Inactive
05:57:00,62,0,Inactive
05:58:00,63,0,Inactive
05:59:00,62,0,Inactive
06:00:00,60,0,Inactive
06:01:00,63,0,Inactive
06:02:00,59,0,Inactive
06:03:00,60,0,Inactive
06:04:00,71,0,Inactive
06:05:00,60,0,Inactive
06:06:00,60,0,Inactive
06:07:00,60,0,Inactive
06:08:00,68,0,Inactive
06:09:00,58,0,Inactive
06:10:00,74,0,Inactive
06:11:00,65,0,Inactive
06:12:00,65,0,Inactive
06:13:00,65,0,Inactive
06:14:00,67,0,Inactive
06:15:00,66,0,Inactive
06:16:00,60,0,Inactive
06:17:00,64,0,Inactive
06:18:00,64,0,Inactive
06:19:00,65,0,Inactive
06:20:00,70,0,Inactive
06:21:00,66,0,Inactive
06:22:00,60,0,Inactive
06:23:00,59,0,Inactive
06:24:00,59,0,Inactive
06:25:00,58,0,Inactive
06:26:00,68,0,Inactive
06:27:00,61,0,Inactive
06:28:00,63,0,Inactive
06:29:00,63,0,Inactive
06:30:00,69,0,Inactive
06:31:00,59,0,Inactive
06:32:00,59,0,Inactive
06:33:00,59,0,Inactive
06:34:00,59,0,Inactive
06:35:00,62,0,Inactive
06:36:00,57,0,Inactive
06:37:00,59,0,Inactive
06:38:00,59,0,Inactive
06:39:00,69,0,Inactive
06:40:00,60,0,Inactive
06:41:00,57,0,Inactive
06:42:00,57,0,Inactive
06:43:00,56,0,Inactive
06:44:00,63,0,Inactive
06:45:00,59,0,Inactive
06:46:00,67,0,Inactive
06:47:00,63,0,Inactive
06:48:00,66,0,Inactive
06:49:00,63,0,Inactive
06:50:00,61,0,Inactive
06:51:00,58,0,Inactive
06:52:00,57,0,Inactive
06:53:00,58,0,Inactive
06:54:00,59,0,Inactive
06:55:00,56,0,Inactive
06:56:00,57,0,Inactive
06:57:00,55,0,Inactive
06:58:00,64,0,Inactive
06:59:00,58,0,Inactive
07:00:00,61,0,Inactive
07:01:00,60,0,Inactive
07:02:00,59,0,Inactive
07:03:00,61,0,Inactive
07:04:00,61,0,Inactive
07:05:00,61,0,Inactive
07:06:00,60,0,Inactive
07:07:00,62,0,Inactive
07:08:00,61,0,Inactive
07:09:00,62,0,Inactive
07:10:00,63,0,Inactive
07:11:00,63,0,Inactive
07:12:00,62,0,Inactive
07:13:00,61,0,Inactive
07:14:00,61,0,Inactive
07:15:00,68,0,Inactive
07:16:00,62,0,Inactive
07:17:00,58,0,Inactive
07:18:00,57,0,Inactive
07:19:00,59,0,Inactive
07:20:00,59,0,Inactive
07:21:00,59,0,Inactive
07:22:00,61,0,Inactive
07:23:00,69,0,Inactive
07:24:00,58,0,Inactive
07:25:00,59,0,Inactive
07:26:00,59,0,Inactive
07:27:00,60,0,Inactive
07:28:00,60,0,Inactive
07:29:00,60,0,Inactive
07:30:00,61,0,Inactive
07:31:00,60,0,Inactive
07:32:00,61,0,Inactive
07:33:00,62,0,Inactive
07:34:00,62,0,Inactive
07:35:00,69,0,Inactive
07:36:00,58,0,Inactive
07:37:00,68,0,Inactive
07:38:00,62,0,Inactive
07:39:00,59,0,Inactive
07:40:00,57,0,Inactive
07:41:00,57,0,Inactive
07:42:00,56,0,Inactive
07:43:00,60,0,Inactive
07:44:00,60,0,Inactive
07:45:00,73,0,Inactive
07:46:00,62,0,Inactive
07:47:00,63,0,Inactive
07:48:00,56,0,Inactive
07:49:00,58,0,Inactive
07:50:00,63,0,Inactive
07:51:00,71,0,Inactive
07:52:00,65,0,Inactive
07:53:00,62,0,Inactive
07:54:00,65,0,Inactive
07:55:00,63,0,Inactive
07:56:00,60,0,Inactive
07:57:00,60,0,Inactive
07:58:00,61,0,Inactive
07:59:00,68,0,Inactive
08:00:00,61,0,Inactive
08:01:00,61,0,Inactive
08:02:00,61,0,Inactive
08:03:00,61,0,Inactive
08:04:00,63,0,Inactive
08:05:00,57,0,Inactive
08:06:00,58,0,Inactive
08:07:00,55,0,Inactive
08:08:00,56,0,Inactive
08:09:00,56,0,Inactive
08:10:00,68,0,Inactive
08:11:00,58,0,Inactive
08:12:00,59,0,Inactive
08:13:00,68,0,Inactive
08:14:00,61,0,Inactive
08:15:00,60,0,Inactive
08:16:00,63,0,Inactive
08:17:00,63,0,Inactive
08:18:00,54,0,Inactive
08:19:00,54,0,Inactive
08:20:00,54,0,Inactive
08:21:00,56,0,Inactive
08:22:00,58,0,Inactive
08:23:00,63,0,Inactive
08:24:00,54,0,Inactive
08:25:00,54,0,Inactive
08:26:00,55,0,Inactive
08:27:00,53,0,Inactive
08:28:00,54,0,Inactive
08:29:00,55,0,Inactive
08:30:00,55,0,Inactive
08:31:00,54,0,Inactive
08:32:00,56,0,Inactive
08:33:00,55,0,Inactive
08:34:00,56,0,Inactive
08:35:00,63,0,Inactive
08:36:00,55,0,Inactive
08:37:00,55,0,Inactive
08:38:00,55,0,Inactive
08:39:00,55,0,Inactive
08:40:00,55,0,Inactive
08:41:00,55,0,Inactive
08:42:00,55,0,Inactive
08:43:00,57,0,Inactive
08:44:00,56,0,Inactive
08:45:00,55,0,Inactive
08:46:00,56,0,Inactive
08:47:00,57,0,Inactive
08:48:00,64,0,Inactive
08:49:00,58,0,Inactive
08:50:00,58,0,Inactive
08:51:00,61,0,Inactive
08:52:00,63,0,Inactive
08:53:00,54,0,Inactive
08:54:00,56,0,Inactive
08:55:00,64,0,Inactive
08:56:00,64,0,Inactive
08:57:00,58,0,Inactive
08:58:00,54,0,Inactive
08:59:00,54,0,Inactive
09:00:00,71,11,Inactive
09:01:00,73,0,Inactive
09:02:00,91,0,Inactive
09:03:00,82,21,Inactive
09:04:00,92,6,Inactive
09:05:00,102,20,Inactive
09:06:00,98,0,Inactive
09:07:00,86,0,Inactive
09:08:00,85,0,Inactive
09:09:00,109,16,Inactive
09:10:00,93,25,Inactive
09:11:00,90,9,Inactive
09:12:00,103,19,Inactive
09:13:00,88,7,Inactive
09:14:00,85,14,Inactive
09:15:00,99,37,Inactive
09:16:00,98,17,Inactive
09:17:00,91,55,Inactive
09:18:00,90,18,Inactive
09:19:00,92,22,Inactive
09:20:00,84,0,Inactive
09:21:00,74,0,Inactive
09:22:00,74,0,Inactive
09:23:00,74,0,Inactive
09:24:00,73,0,Inactive
09:25:00,76,0,Inactive
09:26:00,74,0,Inactive
09:27:00,78,0,Inactive
09:28:00,75,0,Inactive
09:29:00,73,0,Inactive
09:30:00,69,0,Inactive
09:31:00,68,0,Inactive
09:32:00,67,0,Inactive
09:33:00,68,0,Inactive
09:34:00,74,0,Inactive
09:35:00,77,5,Inactive
09:36:00,55,0,Inactive
09:37:00,60,0,Inactive
09:38:00,94,30,Inactive
09:39:00,85,0,Inactive
09:40:00,63,0,Inactive
09:41:00,61,0,Inactive
09:42:00,65,0,Inactive
09:43:00,62,0,Inactive
09:44:00,74,0,Inactive
09:45:00,69,0,Inactive
09:46:00,72,0,Inactive
09:47:00,67,0,Inactive
09:48:00,67,0,Inactive
09:49:00,66,0,Inactive
09:50:00,64,0,Inactive
09:51:00,69,0,Inactive
09:52:00,71,0,Inactive
09:53:00,72,0,Inactive
09:54:00,71,0,Inactive
09:55:00,70,0,Inactive
09:56:00,75,0,Inactive
09:57:00,68,0,Inactive
09:58:00,73,0,Inactive
09:59:00,72,0,Inactive
10:00:00,66,0,Inactive
10:01:00,68,0,Inactive
10:02:00,69,0,Inactive
10:03:00,66,0,Inactive
10:04:00,72,0,Inactive
10:05:00,79,14,Inactive
10:06:00,83,15,Inactive
10:07:00,81,8,Inactive
10:08:00,81,0,Inactive
10:09:00,78,6,Inactive
10:10:00,87,0,Inactive
10:11:00,83,13,Inactive
10:12:00,81,0,Inactive
10:13:00,79,0,Inactive
10:14:00,80,0,Inactive
10:15:00,86,0,Inactive
10:16:00,87,6,Inactive
10:17:00,89,4,Inactive
10:18:00,84,0,Inactive
10:19:00,82,8,Inactive
10:20:00,85,12,Inactive
10:21:00,81,4,Inactive
10:22:00,83,0,Inactive
10:23:00,82,0,Inactive
10:24:00,79,0,Inactive
10:25:00,82,0,Inactive
10:26:00,80,0,Inactive
10:27:00,79,0,Inactive
10:28:00,71,0,Inactive
10:29:00,69,0,Inactive
10:30:00,83,0,Inactive
10:31:00,65,0,Inactive
10:32:00,64,0,Inactive
10:33:00,68,0,Inactive
10:34:00,65,0,Inactive
10:35:00,65,0,Inactive
10:36:00,73,0,Inactive
10:37:00,69,0,Inactive
10:38:00,88,55,Inactive
10:39:00,99,40,Inactive
10:40:00,73,0,Inactive
10:41:00,64,0,Inactive
10:42:00,67,0,Inactive
10:43:00,71,0,Inactive
10:44:00,68,0,Inactive
10:45:00,71,0,Inactive
10:46:00,77,0,Inactive
10:47:00,73,0,Inactive
10:48:00,75,0,Inactive
10:49:00,77,0,Inactive
10:50:00,77,0,Inactive
10:51:00,78,0,Inactive
10:52:00,76,0,Inactive
10:53:00,76,0,Inactive
10:54:00,73,0,Inactive
10:55:00,75,0,Inactive
10:56:00,75,0,Inactive
10:57:00,79,13,Inactive
10:58:00,79,0,Inactive
10:59:00,75,0,Inactive
11:00:00,79,0,Inactive
11:01:00,73,0,Inactive
11:02:00,83,0,Inactive
11:03:00,78,0,Inactive
11:04:00,77,0,Inactive
11:05:00,76,0,Inactive
11:06:00,77,0,Inactive
11:07:00,79,0,Inactive
11:08:00,78,0,Inactive
11:09:00,78,0,Inactive
11:10:00,81,0,Inactive
11:11:00,76,0,Inactive
11:12:00,78,0,Inactive
11:13:00,78,0,Inactive
11:14:00,75,0,Inactive
11:15:00,76,0,Inactive
11:16:00,73,0,Inactive
11:17:00,81,8,Inactive
11:18:00,78,7,Inactive
11:19:00,93,21,Inactive
11:20:00,83,0,Inactive
11:21:00,92,10,Inactive
11:22:00,79,0,Inactive
11:23:00,72,0,Inactive
11:24:00,67,0,Inactive
11:25:00,70,0,Inactive
11:26:00,72,0,Inactive
11:27:00,66,0,Inactive
11:28:00,71,0,Inactive
11:29:00,68,0,Inactive
11:30:00,71,0,Inactive
11:31:00,69,0,Inactive
11:32:00,69,0,Inactive
11:33:00,72,0,Inactive
11:34:00,71,0,Inactive
11:35:00,69,0,Inactive
11:36:00,71,0,Inactive
11:37:00,70,0,Inactive
11:38:00,71,0,Inactive
11:39:00,72,0,Inactive
11:40:00,73,0,Inactive
11:41:00,75,0,Inactive
11:42:00,72,0,Inactive
11:43:00,73,0,Inactive
11:44:00,69,0,Inactive
11:45:00,71,0,Inactive
11:46:00,69,0,Inactive
11:47:00,68,0,Inactive
11:48:00,69,0,Inactive
11:49:00,69,0,Inactive
11:50:00,66,0,Inactive
11:51:00,65,0,Inactive
11:52:00,66,0,Inactive
11:53:00,71,0,Inactive
11:54:00,73,0,Inactive
11:55:00,70,0,Inactive
11:56:00,66,0,Inactive
11:57:00,69,0,Inactive
11:58:00,72,0,Inactive
11:59:00,71,0,Inactive
12:00:00,69,0,Inactive
12:01:00,67,0,Inactive
12:02:00,68,0,Inactive
12:03:00,70,0,Inactive
12:04:00,67,0,Inactive
12:05:00,72,0,Inactive
12:06:00,68,0,Inactive
12:07:00,73,0,Inactive
12:08:00,74,0,Inactive
12:09:00,78,0,Inactive
12:10:00,73,0,Inactive
12:11:00,76,0,Inactive
12:12:00,77,0,Inactive
12:13:00,72,0,Inactive
12:14:00,70,0,Inactive
12:15:00,73,0,Inactive
12:16:00,69,0,Inactive
12:17:00,72,0,Inactive
12:18:00,70,0,Inactive
12:19:00,74,0,Inactive
12:20:00,74,0,Inactive
12:21:00,74,0,Inactive
12:22:00,74,7,Inactive
12:23:00,69,0,Inactive
12:24:00,68,0,Inactive
12:25:00,72,0,Inactive
12:26:00,73,0,Inactive
12:27:00,70,0,Inactive
12:28:00,75,0,Inactive
12:29:00,80,0,Inactive
12:30:00,78,0,Inactive
12:31:00,75,0,Inactive
12:32:00,76,0,Inactive
12:33:00,75,0,Inactive
12:34:00,69,0,Inactive
12:35:00,80,0,Inactive
12:36:00,78,0,Inactive
12:37:00,73,0,Inactive
12:38:00,74,0,Inactive
12:39:00,75,0,Inactive
12:40:00,69,0,Inactive
12:41:00,69,0,Inactive
12:42:00,72,0,Inactive
12:43:00,74,0,Inactive
12:44:00,76,0,Inactive
12:45:00,75,0,Inactive
12:46:00,75,4,Inactive
12:47:00,73,0,Inactive
12:48:00,71,0,Inactive
12:49:00,74,5,Inactive
12:50:00,73,0,Inactive
12:51:00,87,17,Inactive
12:52:00,84,34,Inactive
12:53:00,87,25,Inactive
12:54:00,84,8,Inactive
12:55:00,85,0,Inactive
12:56:00,87,6,Inactive
12:57:00,82,34,Inactive
12:58:00,83,30,Inactive
12:59:00,86,13,Inactive
13:00:00,89,23,Inactive
13:01:00,81,8,Inactive
13:02:00,86,39,Inactive
13:03:00,88,5,Inactive
13:04:00,89,29,Inactive
13:05:00,82,5,Inactive
13:06:00,86,23,Inactive
13:07:00,87,0,Inactive
13:08:00,87,8,Inactive
13:09:00,89,11,Inactive
13:10:00,85,0,Inactive
13:11:00,85,12,Inactive
13:12:00,86,19,Inactive
13:13:00,86,0,Inactive
13:14:00,85,0,Inactive
13:15:00,88,7,Inactive
13:16:00,89,27,Inactive
13:17:00,87,0,Inactive
13:18:00,92,0,Inactive
13:19:00,88,0,Inactive
13:20:00,91,0,Inactive
13:21:00,97,10,Inactive
13:22:00,98,16,Inactive
13:23:00,96,8,Inactive
13:24:00,87,0,Inactive
13:25:00,97,11,Inactive
13:26:00,94,37,Inactive
13:27:00,96,34,Inactive
13:28:00,92,20,Inactive
13:29:00,92,8,Inactive
13:30:00,91,0,Inactive
13:31:00,89,4,Inactive
13:32:00,90,0,Inactive
13:33:00,88,10,Inactive
13:34:00,93,20,Inactive
13:35:00,95,9,Inactive
13:36:00,96,7,Inactive
13:37:00,90,0,Inactive
13:38:00,99,0,Inactive
13:39:00,90,0,Inactive
13:40:00,90,0,Inactive
13:41:00,93,21,Inactive
13:42:00,96,16,Inactive
13:43:00,94,12,Inactive
13:44:00,93,9,Inactive
13:45:00,92,10,Inactive
13:46:00,87,0,Inactive
13:47:00,93,0,Inactive
13:48:00,87,0,Inactive
13:49:00,90,0,Inactive
13:50:00,87,0,Inactive
13:51:00,87,0,Inactive
13:52:00,85,0,Inactive
13:53:00,91,0,Inactive
13:54:00,89,6,Inactive
13:55:00,88,5,Inactive
13:56:00,87,7,Inactive
13:57:00,85,0,Inactive
13:58:00,85,0,Inactive
13:59:00,87,0,Inactive
14:00:00,88,0,Inactive
14:01:00,90,0,Inactive
14:02:00,89,0,Inactive
14:03:00,93,21,Inactive
14:04:00,102,6,Inactive
14:05:00,102,25,Inactive
14:06:00,92,0,Inactive
14:07:00,97,17,Inactive
14:08:00,89,17,Inactive
14:09:00,78,0,Inactive
14:10:00,78,0,Inactive
14:11:00,79,0,Inactive
14:12:00,81,0,Inactive
14:13:00,80,0,Inactive
14:14:00,86,29,Inactive
14:15:00,97,44,Inactive
14:16:00,82,2,Inactive
14:17:00,71,0,Inactive
14:18:00,71,0,Inactive
14:19:00,74,0,Inactive
14:20:00,72,0,Inactive
14:21:00,70,0,Inactive
14:22:00,73,0,Inactive
14:23:00,74,0,Inactive
14:24:00,72,0,Inactive
14:25:00,73,0,Inactive
14:26:00,72,0,Inactive
14:27:00,73,0,Inactive
14:28:00,73,0,Inactive
14:29:00,71,0,Inactive
14:30:00,76,0,Inactive
14:31:00,77,0,Inactive
14:32:00,76,0,Inactive
14:33:00,77,0,Inactive
14:34:00,76,0,Inactive
14:35:00,76,0,Inactive
14:36:00,77,0,Inactive
14:37:00,75,0,Inactive
14:38:00,77,0,Inactive
14:39:00,76,0,Inactive
14:40:00,76,0,Inactive
14:41:00,75,0,Inactive
14:42:00,74,0,Inactive
14:43:00,78,0,Inactive
14:44:00,88,46,Inactive
14:45:00,107,58,Inactive
14:46:00,103,24,Inactive
14:47:00,92,33,Inactive
14:48:00,98,15,Inactive
14:49:00,84,0,Inactive
14:50:00,82,11,Inactive
14:51:00,89,10,Inactive
14:52:00,88,0,Inactive
14:53:00,90,0,Inactive
14:54:00,88,0,Inactive
14:55:00,90,0,Inactive
14:56:00,90,0,Inactive
14:57:00,86,0,Inactive
14:58:00,88,0,Inactive
14:59:00,89,0,Inactive
15:00:00,91,0,Inactive
15:01:00,79,0,Inactive
15:02:00,83,0,Inactive
15:03:00,86,0,Inactive
15:04:00,92,0,Inactive
15:05:00,105,43,Inactive
15:06:00,107,30,Inactive
15:07:00,96,19,Inactive
15:08:00,98,36,Inactive
15:09:00,97,48,Inactive
15:10:00,96,21,Inactive
15:11:00,89,0,Inactive
15:12:00,86,6,Inactive
15:13:00,86,0,Inactive
15:14:00,96,63,Inactive
15:15:00,92,8,Inactive
15:16:00,90,0,Inactive
15:17:00,89,7,Inactive
15:18:00,89,40,Inactive
15:19:00,87,0,Inactive
15:20:00,89,0,Inactive
15:21:00,96,32,Inactive
15:22:00,90,0,Inactive
15:23:00,92,46,Inactive
15:24:00,98,19,Inactive
15:25:00,101,86,Active
15:26:00,93,8,Inactive
15:27:00,81,0,Inactive
15:28:00,98,10,Inactive
15:29:00,108,17,Inactive
15:30:00,109,75,Active
15:31:00,104,65,Inactive
15:32:00,98,35,Inactive
15:33:00,98,19,Inactive
15:34:00,94,32,Inactive
15:35:00,104,8,Inactive
15:36:00,95,0,Inactive
15:37:00,99,0,Inactive
15:38:00,97,0,Inactive
15:39:00,98,0,Inactive
15:40:00,98,0,Inactive
15:41:00,98,8,Inactive
15:42:00,101,6,Inactive
15:43:00,100,9,Inactive
15:44:00,100,24,Inactive
15:45:00,89,0,Inactive
15:46:00,91,0,Inactive
15:47:00,89,0,Inactive
15:48:00,98,14,Inactive
15:49:00,98,0,Inactive
15:50:00,97,10,Inactive
15:51:00,92,9,Inactive
15:52:00,91,15,Inactive
15:53:00,94,0,Inactive
15:54:00,100,9,Inactive
15:55:00,102,0,Inactive
15:56:00,101,0,Inactive
15:57:00,99,9,Inactive
15:58:00,96,0,Inactive
15:59:00,101,10,Inactive
16:00:00,101,14,Inactive
16:01:00,98,22,Inactive
16:02:00,96,7,Inactive
16:03:00,102,0,Inactive
16:04:00,101,8,Inactive
16:05:00,102,0,Inactive
16:06:00,101,17,Inactive
16:07:00,102,0,Inactive
16:08:00,102,8,Inactive
16:09:00,98,0,Inactive
16:10:00,100,33,Inactive
16:11:00,95,0,Inactive
16:12:00,97,0,Inactive
16:13:00,98,0,Inactive
16:14:00,96,0,Inactive
16:15:00,97,13,Inactive
16:16:00,99,21,Inactive
16:17:00,95,48,Inactive
16:18:00,94,7,Inactive
16:19:00,88,19,Inactive
16:20:00,94,12,Inactive
16:21:00,92,36,Inactive
16:22:00,105,45,Inactive
16:23:00,90,19,Inactive
16:24:00,89,15,Inactive
16:25:00,90,8,Inactive
16:26:00,94,33,Inactive
16:27:00,92,0,Inactive
16:28:00,93,20,Inactive
16:29:00,89,0,Inactive
16:30:00,90,0,Inactive
16:31:00,91,0,Inactive
16:32:00,87,0,Inactive
16:33:00,94,0,Inactive
16:34:00,102,0,Inactive
16:35:00,100,4,Inactive
16:36:00,95,9,Inactive
16:37:00,94,51,Inactive
16:38:00,98,17,Inactive
16:39:00,92,13,Inactive
16:40:00,97,0,Inactive
16:41:00,93,0,Inactive
16:42:00,90,0,Inactive
16:43:00,88,0,Inactive
16:44:00,91,6,Inactive
16:45:00,96,0,Inactive
16:46:00,94,8,Inactive
16:47:00,96,6,Inactive
16:48:00,93,35,Inactive
16:49:00,90,0,Inactive
16:50:00,89,0,Inactive
16:51:00,91,0,Inactive
16:52:00,89,6,Inactive
16:53:00,92,36,Inactive
16:54:00,90,20,Inactive
16:55:00,78,0,Inactive
16:56:00,78,0,Inactive
16:57:00,75,0,Inactive
16:58:00,75,0,Inactive
16:59:00,79,0,Inactive
17:00:00,75,0,Inactive
17:01:00,84,0,Inactive
17:02:00,89,34,Inactive
17:03:00,81,10,Inactive
17:04:00,85,17,Inactive
17:05:00,86,0,Inactive
17:06:00,86,7,Inactive
17:07:00,91,17,Inactive
17:08:00,87,13,Inactive
17:09:00,89,38,Inactive
17:10:00,84,0,Inactive
17:11:00,85,0,Inactive
17:12:00,86,0,Inactive
17:13:00,92,12,Inactive
17:14:00,91,0,Inactive
17:15:00,91,9,Inactive
17:16:00,89,11,Inactive
17:17:00,91,0,Inactive
17:18:00,94,42,Inactive
17:19:00,84,0,Inactive
17:20:00,85,18,Inactive
17:21:00,88,0,Inactive
17:22:00,86,0,Inactive
17:23:00,88,0,Inactive
17:24:00,91,0,Inactive
17:25:00,97,0,Inactive
17:26:00,88,0,Inactive
17:27:00,87,0,Inactive
17:28:00,89,0,Inactive
17:29:00,83,0,Inactive
17:30:00,86,0,Inactive
17:31:00,86,0,Inactive
17:32:00,86,0,Inactive
17:33:00,85,0,Inactive
17:34:00,86,0,Inactive
17:35:00,85,0,Inactive
17:36:00,88,0,Inactive
17:37:00,88,12,Inactive
17:38:00,87,11,Inactive
17:39:00,86,14,Inactive
17:40:00,89,0,Inactive
17:41:00,87,17,Inactive
17:42:00,88,17,Inactive
17:43:00,83,12,Inactive
17:44:00,85,11,Inactive
17:45:00,84,0,Inactive
17:46:00,85,7,Inactive
17:47:00,85,0,Inactive
17:48:00,86,0,Inactive
17:49:00,89,0,Inactive
17:50:00,84,15,Inactive
17:51:00,89,9,Inactive
17:52:00,91,17,Inactive
17:53:00,87,15,Inactive
17:54:00,82,3,Inactive
17:55:00,81,0,Inactive
17:56:00,83,0,Inactive
17:57:00,75,0,Inactive
17:58:00,83,0,Inactive
17:59:00,84,0,Inactive
18:00:00,84,0,Inactive
18:01:00,77,0,Inactive
18:02:00,89,0,Inactive
18:03:00,87,19,Inactive
18:04:00,91,0,Inactive
18:05:00,88,0,Inactive
18:06:00,89,0,Inactive
18:07:00,88,0,Inactive
18:08:00,87,10,Inactive
18:09:00,86,13,Inactive
18:10:00,85,16,Inactive
18:11:00,87,6,Inactive
18:12:00,86,10,Inactive
18:13:00,88,5,Inactive
18:14:00,91,4,Inactive
18:15:00,95,0,Inactive
18:16:00,92,0,Inactive
18:17:00,91,33,Inactive
18:18:00,87,19,Inactive
18:19:00,91,48,Inactive
18:20:00,92,52,Inactive
18:21:00,91,24,Inactive
18:22:00,85,5,Inactive
18:23:00,89,32,Inactive
18:24:00,87,0,Inactive
18:25:00,69,0,Inactive
18:26:00,64,0,Inactive
18:27:00,69,0,Inactive
18:28:00,64,0,Inactive
18:29:00,61,0,Inactive
18:30:00,74,10,Inactive
18:31:00,71,0,Inactive
18:32:00,69,0,Inactive
18:33:00,69,0,Inactive
18:34:00,71,0,Inactive
18:35:00,71,0,Inactive
18:36:00,70,0,Inactive
18:37:00,71,0,Inactive
18:38:00,71,0,Inactive
18:39:00,71,0,Inactive
18:40:00,72,0,Inactive
18:41:00,75,0,Inactive
18:42:00,65,0,Inactive
18:43:00,66,0,Inactive
18:44:00,65,0,Inactive
18:45:00,67,0,Inactive
18:46:00,66,0,Inactive
18:47:00,68,0,Inactive
18:48:00,63,0,Inactive
18:49:00,64,0,Inactive
18:50:00,67,0,Inactive
18:51:00,63,0,Inactive
18:52:00,65,0,Inactive
18:53:00,65,0,Inactive
18:54:00,60,0,Inactive
18:55:00,61,0,Inactive
18:56:00,61,0,Inactive
18:57:00,59,0,Inactive
18:58:00,60,0,Inactive
18:59:00,64,0,Inactive
19:00:00,60,0,Inactive
19:01:00,63,0,Inactive
19:02:00,65,0,Inactive
19:03:00,64,0,Inactive
19:04:00,65,0,Inactive
19:05:00,64,0,Inactive
19:06:00,63,0,Inactive
19:07:00,62,0,Inactive
19:08:00,66,0,Inactive
19:09:00,67,0,Inactive
19:10:00,65,0,Inactive
19:11:00,63,0,Inactive
19:12:00,60,0,Inactive
19:13:00,65,0,Inactive
19:14:00,62,0,Inactive
19:15:00,76,9,Inactive
19:16:00,73,11,Inactive
19:17:00,67,0,Inactive
19:18:00,69,0,Inactive
19:19:00,66,0,Inactive
19:20:00,66,0,Inactive
19:21:00,68,0,Inactive
19:22:00,69,0,Inactive
19:23:00,73,0,Inactive
19:24:00,62,0,Inactive
19:25:00,63,0,Inactive
19:26:00,61,0,Inactive
19:27:00,59,0,Inactive
19:28:00,62,0,Inactive
19:29:00,64,0,Inactive
19:30:00,63,0,Inactive
19:31:00,74,12,Inactive
19:32:00,83,39,Inactive
19:33:00,91,13,Inactive
19:34:00,83,41,Inactive
19:35:00,86,30,Inactive
19:36:00,84,22,Inactive
19:37:00,77,27,Inactive
19:38:00,85,48,Inactive
19:39:00,86,27,Inactive
19:40:00,91,27,Inactive
19:41:00,88,22,Inactive
19:42:00,81,0,Inactive
19:43:00,96,14,Inactive
19:44:00,94,68,Inactive
19:45:00,89,25,Inactive
19:46:00,93,6,Inactive
19:47:00,77,0,Inactive
19:48:00,73,0,Inactive
19:49:00,79,0,Inactive
19:50:00,73,0,Inactive
19:51:00,73,0,Inactive
19:52:00,83,0,Inactive
19:53:00,96,65,Inactive
19:54:00,105,76,Active
19:55:00,94,49,Inactive
19:56:00,91,36,Inactive
19:57:00,87,16,Inactive
19:58:00,85,20,Inactive
19:59:00,84,16,Inactive
20:00:00,89,44,Inactive
20:01:00,103,69,Inactive
20:02:00,85,75,Active
20:03:00,98,64,Inactive
20:04:00,106,30,Inactive
20:05:00,91,60,Inactive
20:06:00,95,8,Inactive
20:07:00,94,0,Inactive
20:08:00,98,18,Inactive
20:09:00,115,80,Active
20:10:00,146,109,Active
20:11:00,153,97,Active
20:12:00,139,70,Inactive
20:13:00,117,31,Inactive
20:14:00,109,0,Inactive
20:15:00,114,9,Inactive
20:16:00,115,0,Inactive
20:17:00,109,16,Inactive
20:18:00,115,29,Inactive
20:19:00,117,6,Inactive
20:20:00,109,24,Inactive
20:21:00,97,46,Inactive
20:22:00,101,5,Inactive
20:23:00,100,9,Inactive
20:24:00,101,25,Inactive
20:25:00,109,1,Inactive
20:26:00,95,28,Inactive
20:27:00,105,23,Inactive
20:28:00,109,44,Inactive
20:29:00,107,49,Inactive
20:30:00,105,7,Inactive
20:31:00,114,36,Inactive
20:32:00,126,42,Inactive
20:33:00,115,40,Inactive
20:34:00,120,37,Inactive
20:35:00,108,13,Inactive
20:36:00,101,62,Inactive
20:37:00,107,55,Inactive
20:38:00,114,65,Inactive
20:39:00,124,58,Inactive
20:40:00,125,92,Active
20:41:00,127,80,Active
20:42:00,131,95,Active
20:43:00,127,88,Active
20:44:00,138,86,Active
20:45:00,128,102,Active
20:46:00,125,96,Active
20:47:00,131,111,Active
20:48:00,144,103,Active
20:49:00,126,103,Active
20:50:00,114,103,Active
20:51:00,118,77,Active
20:52:00,114,90,Active
20:53:00,124,98,Active
20:54:00,123,63,Inactive
20:55:00,140,45,Inactive
20:56:00,126,0,Inactive
20:57:00,111,13,Inactive
20:58:00,124,62,Inactive
20:59:00,157,89,Active
21:00:00,134,8,Inactive
21:01:00,117,0,Inactive
21:02:00,110,0,Inactive
21:03:00,106,0,Inactive
21:04:00,109,25,Inactive
21:05:00,126,65,Inactive
21:06:00,131,52,Inactive
21:07:00,133,34,Inactive
21:08:00,134,30,Inactive
21:09:00,139,44,Inactive
21:10:00,139,33,Inactive
21:11:00,139,45,Inactive
21:12:00,146,39,Inactive
21:13:00,146,61,Inactive
21:14:00,153,56,Inactive
21:15:00,138,20,Inactive
21:16:00,134,56,Inactive
21:17:00,145,71,Inactive
21:18:00,146,73,Inactive
21:19:00,147,101,Active
21:20:00,140,78,Active
21:21:00,123,47,Inactive
21:22:00,99,9,Inactive
21:23:00,98,6,Inactive
21:24:00,90,0,Inactive
21:25:00,90,0,Inactive
21:26:00,90,0,Inactive
21:27:00,91,8,Inactive
21:28:00,86,0,Inactive
21:29:00,84,0,Inactive
21:30:00,89,0,Inactive
21:31:00,87,0,Inactive
21:32:00,88,10,Inactive
21:33:00,88,0,Inactive
21:34:00,89,0,Inactive
21:35:00,94,35,Inactive
21:36:00,90,16,Inactive
21:37:00,97,27,Inactive
21:38:00,94,33,Inactive
21:39:00,96,1,Inactive
21:40:00,94,13,Inactive
21:41:00,116,29,Inactive
21:42:00,129,5,Inactive
21:43:00,121,40,Inactive
21:44:00,125,37,Inactive
21:45:00,126,58,Inactive
21:46:00,128,48,Inactive
21:47:00,147,41,Inactive
21:48:00,133,28,Inactive
21:49:00,119,15,Inactive
21:50:00,123,38,Inactive
21:51:00,127,21,Inactive
21:52:00,144,41,Inactive
21:53:00,139,34,Inactive
21:54:00,148,21,Inactive
21:55:00,146,32,Inactive
21:56:00,136,29,Inactive
21:57:00,116,23,Inactive
21:58:00,108,0,Inactive
21:59:00,97,0,Inactive
22:00:00,96,10,Inactive
22:01:00,93,0,Inactive
22:02:00,99,14,Inactive
22:03:00,99,22,Inactive
22:04:00,94,18,Inactive
22:05:00,87,0,Inactive
22:06:00,91,23,Inactive
22:07:00,91,12,Inactive
22:08:00,89,28,Inactive
22:09:00,82,0,Inactive
22:10:00,86,0,Inactive
22:11:00,87,0,Inactive
22:12:00,86,37,Inactive
22:13:00,103,61,Inactive
22:14:00,113,65,Inactive
22:15:00,88,0,Inactive
22:16:00,84,0,Inactive
22:17:00,85,7,Inactive
22:18:00,81,0,Inactive
22:19:00,80,0,Inactive
22:20:00,85,4,Inactive
22:21:00,89,18,Inactive
22:22:00,97,0,Inactive
22:23:00,91,0,Inactive
22:24:00,92,0,Inactive
22:25:00,91,17,Inactive
22:26:00,99,20,Inactive
22:27:00,83,10,Inactive
22:28:00,84,16,Inactive
22:29:00,82,0,Inactive
22:30:00,89,0,Inactive
22:31:00,92,0,Inactive
22:32:00,89,0,Inactive
22:33:00,90,0,Inactive
22:34:00,87,0,Inactive
22:35:00,88,0,Inactive
22:36:00,94,0,Inactive
22:37:00,96,11,Inactive
22:38:00,115,38,Inactive
22:39:00,97,6,Inactive
22:40:00,84,0,Inactive
22:41:00,83,0,Inactive
22:42:00,87,0,Inactive
22:43:00,84,0,Inactive
22:44:00,85,0,Inactive
22:45:00,83,0,Inactive
22:46:00,89,5,Inactive
22:47:00,92,0,Inactive
22:48:00,95,26,Inactive
22:49:00,99,31,Inactive
22:50:00,103,4,Inactive
22:51:00,106,47,Inactive
22:52:00,113,20,Inactive
22:53:00,113,12,Inactive
22:54:00,100,10,Inactive
22:55:00,100,18,Inactive
22:56:00,98,51,Inactive
22:57:00,105,21,Inactive
22:58:00,114,47,Inactive
22:59:00,114,37,Inactive
23:00:00,115,29,Inactive
23:01:00,117,28,Inactive
23:02:00,95,0,Inactive
23:03:00,102,18,Inactive
23:04:00,98,0,Inactive
23:05:00,100,0,Inactive
23:06:00,94,0,Inactive
23:07:00,97,0,Inactive
23:08:00,104,0,Inactive
23:09:00,106,10,Inactive
23:10:00,97,0,Inactive
23:11:00,90,0,Inactive
23:12:00,94,0,Inactive
23:13:00,97,43,Inactive
23:47:00,98,0,Inactive
23:48:00,87,0,Inactive
23:49:00,72,0,Inactive
23:50:00,69,0,Inactive
23:51:00,65,0,Inactive
23:52:00,69,0,Inactive
23:53:00,68,0,Inactive
23:54:00,66,0,Inactive
23:55:00,67,0,Inactive
23:56:00,65,0,Inactive
23:57:00,64,0,Inactive
23:58:00,63,0,Inactive
23:59:00,64,0,Inactive
